image_id,class
0-01-V1-B-cnv.png,1
0-01-V1-B-log.png,1
0-01-V1-B-mask.png,1
0-01-V1-B-pot.png,1
0-01-V1-B.png,1
0-01-V1-W-cnv.png,1
0-01-V1-W-log.png,1
0-01-V1-W-mask.png,1
0-01-V1-W-pot.png,1
0-01-V1-W.png,1
0-01-V2-B-cnv.png,1
0-01-V2-B-log.png,1
0-01-V2-B-mask.png,1
0-01-V2-B-pot.png,1
0-01-V2-B.png,1
0-01-V2-W-cnv.png,1
0-01-V2-W-log.png,1
0-01-V2-W-mask.png,1
0-01-V2-W-pot.png,1
0-01-V2-W.png,1
0-02-V1-B-cnv.png,2
0-02-V1-B-log.png,2
0-02-V1-B-mask.png,2
0-02-V1-B-pot.png,2
0-02-V1-B.png,2
0-02-V1-W-cnv.png,2
0-02-V1-W-log.png,2
0-02-V1-W-mask.png,2
0-02-V1-W-pot.png,2
0-02-V1-W.png,2
0-02-V2-B-cnv.png,2
0-02-V2-B-log.png,2
0-02-V2-B-mask.png,2
0-02-V2-B-pot.png,2
0-02-V2-B.png,2
0-02-V2-W-cnv.png,2
0-02-V2-W-log.png,2
0-02-V2-W-mask.png,2
0-02-V2-W-pot.png,2
0-02-V2-W.png,2
0-03-V1-B-cnv.png,3
0-03-V1-B-log.png,3
0-03-V1-B-mask.png,3
0-03-V1-B-pot.png,3
0-03-V1-B.png,3
0-03-V1-W-cnv.png,3
0-03-V1-W-log.png,3
0-03-V1-W-mask.png,3
0-03-V1-W-pot.png,3
0-03-V1-W.png,3
0-03-V2-B-cnv.png,3
0-03-V2-B-log.png,3
0-03-V2-B-mask.png,3
0-03-V2-B-pot.png,3
0-03-V2-B.png,3
0-03-V2-W-cnv.png,3
0-03-V2-W-log.png,3
0-03-V2-W-mask.png,3
0-03-V2-W-pot.png,3
0-03-V2-W.png,3
0-04-V1-B-cnv.png,4
0-04-V1-B-log.png,4
0-04-V1-B-mask.png,4
0-04-V1-B-pot.png,4
0-04-V1-B.png,4
0-04-V1-W-cnv.png,4
0-04-V1-W-log.png,4
0-04-V1-W-mask.png,4
0-04-V1-W-pot.png,4
0-04-V1-W.png,4
0-04-V2-B-cnv.png,4
0-04-V2-B-log.png,4
0-04-V2-B-mask.png,4
0-04-V2-B-pot.png,4
0-04-V2-B.png,4
0-04-V2-W-cnv.png,4
0-04-V2-W-log.png,4
0-04-V2-W-mask.png,4
0-04-V2-W-pot.png,4
0-04-V2-W.png,4
0-05-V1-B-cnv.png,5
0-05-V1-B-log.png,5
0-05-V1-B-mask.png,5
0-05-V1-B-pot.png,5
0-05-V1-B.png,5
0-05-V1-W-cnv.png,5
0-05-V1-W-log.png,5
0-05-V1-W-mask.png,5
0-05-V1-W-pot.png,5
0-05-V1-W.png,5
0-05-V2-B-cnv.png,5
0-05-V2-B-log.png,5
0-05-V2-B-mask.png,5
0-05-V2-B-pot.png,5
0-05-V2-B.png,5
0-05-V2-W-cnv.png,5
0-05-V2-W-log.png,5
0-05-V2-W-mask.png,5
0-05-V2-W-pot.png,5
0-05-V2-W.png,5
0-06-V1-B-cnv.png,6
0-06-V1-B-log.png,6
0-06-V1-B-mask.png,6
0-06-V1-B-pot.png,6
0-06-V1-B.png,6
0-06-V1-W-cnv.png,6
0-06-V1-W-log.png,6
0-06-V1-W-mask.png,6
0-06-V1-W-pot.png,6
0-06-V1-W.png,6
0-06-V2-B-cnv.png,6
0-06-V2-B-log.png,6
0-06-V2-B-mask.png,6
0-06-V2-B-pot.png,6
0-06-V2-B.png,6
0-06-V2-W-cnv.png,6
0-06-V2-W-log.png,6
0-06-V2-W-mask.png,6
0-06-V2-W-pot.png,6
0-06-V2-W.png,6
0-07-V1-B-cnv.png,7
0-07-V1-B-log.png,7
0-07-V1-B-mask.png,7
0-07-V1-B-pot.png,7
0-07-V1-B.png,7
0-07-V1-W-cnv.png,7
0-07-V1-W-log.png,7
0-07-V1-W-mask.png,7
0-07-V1-W-pot.png,7
0-07-V1-W.png,7
0-07-V2-B-cnv.png,7
0-07-V2-B-log.png,7
0-07-V2-B-mask.png,7
0-07-V2-B-pot.png,7
0-07-V2-B.png,7
0-07-V2-W-cnv.png,7
0-07-V2-W-log.png,7
0-07-V2-W-mask.png,7
0-07-V2-W-pot.png,7
0-07-V2-W.png,7
0-08-V1-B-cnv.png,8
0-08-V1-B-log.png,8
0-08-V1-B-mask.png,8
0-08-V1-B-pot.png,8
0-08-V1-B.png,8
0-08-V1-W-cnv.png,8
0-08-V1-W-log.png,8
0-08-V1-W-mask.png,8
0-08-V1-W-pot.png,8
0-08-V1-W.png,8
0-08-V2-B-cnv.png,8
0-08-V2-B-log.png,8
0-08-V2-B-mask.png,8
0-08-V2-B-pot.png,8
0-08-V2-B.png,8
0-08-V2-W-cnv.png,8
0-08-V2-W-log.png,8
0-08-V2-W-mask.png,8
0-08-V2-W-pot.png,8
0-08-V2-W.png,8
0-09-V1-B-cnv.png,9
0-09-V1-B-log.png,9
0-09-V1-B-mask.png,9
0-09-V1-B-pot.png,9
0-09-V1-B.png,9
0-09-V1-W-cnv.png,9
0-09-V1-W-log.png,9
0-09-V1-W-mask.png,9
0-09-V1-W-pot.png,9
0-09-V1-W.png,9
0-09-V2-B-cnv.png,9
0-09-V2-B-log.png,9
0-09-V2-B-mask.png,9
0-09-V2-B-pot.png,9
0-09-V2-B.png,9
0-09-V2-W-cnv.png,9
0-09-V2-W-log.png,9
0-09-V2-W-mask.png,9
0-09-V2-W-pot.png,9
0-09-V2-W.png,9
0-10-V1-B-cnv.png,10
0-10-V1-B-log.png,10
0-10-V1-B-mask.png,10
0-10-V1-B-pot.png,10
0-10-V1-B.png,10
0-10-V1-W-cnv.png,10
0-10-V1-W-log.png,10
0-10-V1-W-mask.png,10
0-10-V1-W-pot.png,10
0-10-V1-W.png,10
0-10-V2-B-cnv.png,10
0-10-V2-B-log.png,10
0-10-V2-B-mask.png,10
0-10-V2-B-pot.png,10
0-10-V2-B.png,10
0-10-V2-W-cnv.png,10
0-10-V2-W-log.png,10
0-10-V2-W-mask.png,10
0-10-V2-W-pot.png,10
0-10-V2-W.png,10
